attempt,final_distance_m
1,0.10738923315736623
2,0.12895836873871488
3,0.10194926134773143
4,0.11063180521538805
5,0.12987550876487133
