attempt,final_distance_m
1,0.12181348672163865
2,0.13530676703762504
3,0.12629425667047092
4,0.11882389779297811
