attempt,final_distance_m
1,0.11977416613358685
2,0.07466942878666329
