attempt,final_distance_m
1,0.4515316286222999
2,0.46977225959471786
