attempt,final_distance_m
1,0.11486127057187323
2,0.14021111419768365
3,0.13066923060423452
4,0.13547093680625197
5,0.062188305692453705
